<?xml version="1.0"?>
<Project Version="1" Minor="7" DIGEST="">
	<TOOL_VERSION Version="2025.2"/>
	<MODE Name="Post-Synthesis"/>
	<SYSTEMINFO BOARD="digilentinc.com:zybo-z7-10:1.2" PART="xc7z010clg400-1" ARCH="zynq" PACKAGE="clg400" DEVICE="7z010" SPEED="-1" LUT="17600" FF="35200" BRAM="60" DSP="80"/>
	<PART Name="xc7z010clg400-1">
		<SSIT IS_SSIT="0"/>
		<NUM_OF_SLRS Value="1"/>
	</PART>
	<HIERARCHY Name="fpga_wrapper"/>
	<File Type="HW_HANDOFF" Name="fpga.hwh" src_db="fpga.hwdef" DESIGN_HIERARCHY="fpga_i" BD_TYPE="DEFAULT_BD">
	</File>
	<File Type="BDA" Name="fpga.bda" src_db="fpga.hwdef">
	</File>
	<File Type="PS_FSBL_INIT" Name="ps7_init.c" src_db="fpga_processing_system7_0_2.hwdef">
	</File>
	<File Type="PS_FSBL_INIT" Name="ps7_init.h" src_db="fpga_processing_system7_0_2.hwdef">
	</File>
	<File Type="PS_FSBL_INIT_GPL" Name="ps7_init_gpl.c" src_db="fpga_processing_system7_0_2.hwdef">
	</File>
	<File Type="PS_FSBL_INIT_GPL" Name="ps7_init_gpl.h" src_db="fpga_processing_system7_0_2.hwdef">
	</File>
	<File Type="PS_INIT_HELP" Name="ps7_init.html" src_db="fpga_processing_system7_0_2.hwdef">
	</File>
	<File Type="PS_XMD_INIT" Name="ps7_init.tcl" src_db="fpga_processing_system7_0_2.hwdef">
	</File>
	<File Type="HW_HANDOFF" Name="fpga_axi_smc_0.hwh" src_db="fpga_axi_smc_0.hwdef" DESIGN_HIERARCHY="fpga_i/axi_smc/inst" BD_TYPE="SCOPED_BD">
	</File>
	<File Type="BIT" Name="fpga_wrapper1.bit" src_db="temp.hdf">
	</File>
	<DRIVERS>
		<DRIVER IP_VLNV="xilinx.com:hls:cnn_accel:1.0">
			<File PATH="drivers/cnn_accel_v1_0/data/cnn_accel.mdd"/>
			<File PATH="drivers/cnn_accel_v1_0/data/cnn_accel.tcl"/>
			<File PATH="drivers/cnn_accel_v1_0/data/cnn_accel.yaml"/>
			<File PATH="drivers/cnn_accel_v1_0/src/CMakeLists.txt"/>
			<File PATH="drivers/cnn_accel_v1_0/src/Makefile"/>
			<File PATH="drivers/cnn_accel_v1_0/src/xcnn_accel.c"/>
			<File PATH="drivers/cnn_accel_v1_0/src/xcnn_accel.h"/>
			<File PATH="drivers/cnn_accel_v1_0/src/xcnn_accel_hw.h"/>
			<File PATH="drivers/cnn_accel_v1_0/src/xcnn_accel_linux.c"/>
			<File PATH="drivers/cnn_accel_v1_0/src/xcnn_accel_sinit.c"/>
		</DRIVER>
	</DRIVERS>
	<USEDRESOURCES LUT="1566" FF="1582" BRAM="0" DSP="0"/>
	<DESIGN_DATA Type="rm">
		<DESIGN_IDS DESIGN_ID="3181301997" PARENT_ID="0" NODE_ID="0"/>
	</DESIGN_DATA>
</Project>

