{
    "versionMajor": "0",
    "versionMinor": "0",
    "usesPR": "false",
    "platformState": "pre_synth",
    "topModuleName": "fpga_wrapper",
    "acceleratorBinaryFormat": "xclbin2",
    "acceleratorBinaryContent": "bitstream",
    "validAcceleratorBinaryContentValues": "dcp,bitstream",
    "dcpFunctionStripped": "false",
    "dcpEncrypted": "false",
    "defaultOutputType": "hw_export",
    "designIntent": {
        "dataCenter": {
            "value": "false",
            "explicit": "false"
        },
        "embedded": {
            "value": "false",
            "explicit": "false"
        },
        "externalHost": {
            "value": "false",
            "explicit": "false"
        },
        "serverManaged": {
            "value": "false",
            "explicit": "false"
        }
    },
    "board": {
        "name": "digilentinc.com:zybo-z7-10:1.2",
        "vendor": "digilentinc.com",
        "part": "xc7z010clg400-1",
        "boardPart": "digilentinc.com:zybo-z7-10:part0:1.2"
    },
    "devices": [
        {
            "name": "fpga0",
            "type": "8",
            "fpgaPart": "zynq:xc7z010:clg400:-1",
            "part": {
                "name": "xc7z010clg400-1",
                "architecture": "zynq",
                "device": "xc7z010",
                "package": "clg400",
                "speedGrade": "-1"
            },
            "numSLRs": "1",
            "core": {
                "name": "OCL_REGION_0",
                "type": "clc_region",
                "numComputeUnits": "60",
                "availableResources": {
                    "bramCount": "60",
                    "dspCount": "80",
                    "lutCount": "16034",
                    "registerCount": "33618"
                }
            }
        }
    ],
    "files": [
        {
            "name": "fpga_wrapper1.bit",
            "type": "FULL_BIT"
        },
        {
            "name": "fpga_wrapper1.nts",
            "type": "NOC_TRAFFIC"
        }
    ],
    "vendor": "xilinx",
    "boardId": "zybo-z7-10",
    "description": "Vivado generated Hardware Platform",
    "uniqueName": "xilinx:zybo-z7-10::0.0",
    "fpgaPart": "zynq",
    "fpgaDevice": "xc7z010",
    "unifiedPlatform": "true",
    "expandablePlatform": "false",
    "hardware": "true",
    "softwareEmulation": "true",
    "hardwareEmulation": "false",
    "hardwareEmuPlatform": "false",
    "usesNIFD": "false",
    "generatedName": "Vivado",
    "generatedVersion": "2025.2",
    "generatedChangeList": "6299465",
    "generatedIpChangeList": "6300035",
    "generatedSharedDataChangeList": "6298862",
    "generatedTimestamp": "Tue Feb 17 14:09:51 2026",
    "idCode": "03722093",
    "designIDs": {
        "designID": "3181301997"
    },
    "resources": [
        {
            "type": "REG",
            "count": "33618"
        }
    ]
}

